CarrierName,num_flights,stddev_departure_delay
British Airways,960,42.86507919688348
American Airlines,865,42.94906780833314
Lufthansa,876,42.97764237708067
Emirates,909,43.52490314408233
Qantas,889,43.535512749914375
Singapore Airlines,895,43.57411505906612
Delta Airlines,883,43.97728104447053
Southwest Airlines,918,43.985647019368116
Air France,935,44.06885606565044
United Airlines,870,44.423809347886525
